date,portfolio_value,return,cum_return,drawdown
2016-06-24,998500.0,0.0,1.0,0.0
2016-07-01,333959.402964356,-0.6655389053937346,0.3344610946062654,-0.6655389053937346
2016-07-08,-163139.2729799793,-1.4885003133072177,-0.1633843495042356,-1.1633843495042355
2016-07-15,-406428.6177999152,1.4912984493304244,-0.4070391765647623,-1.4070391765647623
2016-07-22,-355879.8575136543,-0.12437303396569888,-0.356414479232503,-1.356414479232503
2016-07-29,-76641.27134719334,-0.7846428514312508,-0.07675640595612754,-1.0767564059561274
2016-08-05,188471.26899861702,-3.4591354721246934,0.18875440059951631,-0.8112455994004837
2016-08-12,280661.0823475341,0.489145182916944,0.28108270640714483,-0.7189172935928552
2016-08-19,203560.91607690213,-0.2747091460837494,0.20386671615112884,-0.7961332838488712
2016-08-26,36826.3586046221,-0.8190892470207312,0.036881681126311586,-0.9631183188736884
2016-09-02,-117906.23182190186,-4.201680434597826,-0.11808335685718771,-1.1180833568571877
2016-09-09,-159398.1043343207,0.3519056785318402,-0.15963756067533377,-1.1596375606753337
2016-09-16,-61686.98176984594,-0.6130005307938668,-0.06177965124671605,-1.0617796512467161
2016-09-23,32750.40496394955,-1.5309127472979838,0.032799604370505324,-0.9672003956294947
2016-09-30,85809.65880065638,1.6201098549808015,0.08593856665063236,-0.9140614333493676
2016-10-07,72410.80855794947,-0.15614617783102558,0.07251958793985927,-0.9274804120601408
2016-10-14,44221.37789417601,-0.38929865893175053,0.044287809608588906,-0.9557121903914111
2016-10-21,-10614.27422466864,-1.2400258592138202,-0.010630219553999636,-1.0106302195539996
2016-10-28,-51445.49446801797,3.846821683620485,-0.05152277863597191,-1.051522778635972
2016-11-04,-49409.25983112735,-0.03958042697318198,-0.04948348505871541,-1.0494834850587154
2016-11-11,-9277.771750824912,-0.8122260527169443,-0.009291709314797104,-1.009291709314797
2016-11-18,20837.13306916416,-3.2459199933768015,0.020868435722748276,-0.9791315642772517
2016-11-25,29148.000618686314,0.39884889739563034,0.02919178830113801,-0.970808211698862
2016-12-02,18536.300686556133,-0.3640627043670086,0.018564146906916504,-0.9814358530930835
2016-12-09,8458.246965950399,-0.5436928269034322,0.008470953396044463,-0.9915290466039556
2016-12-16,-6228.8386293973435,-1.7364219387861595,-0.006238195923282265,-1.0062381959232822
2016-12-23,-12192.80570128123,0.9574765741620948,-0.012211122384858514,-1.0122111223848584
2016-12-30,-8227.23182657779,-0.3252388311483331,-0.008239591213397885,-1.008239591213398
2017-01-06,-1316.198714488055,-0.8400192504317041,-0.0013181759784557383,-1.0013181759784557
2017-01-13,3995.2313276649775,-4.035431719912408,0.004001233177431123,-0.9959987668225688
2017-01-20,5575.676926523542,0.3955830011430801,0.005584053006032589,-0.9944159469939674
2017-01-27,3075.0325341132343,-0.448491622696918,0.00307965201213143,-0.9969203479878685
2017-02-03,-177.02231929504887,-1.0575676248401378,-0.0001772882516725576,-1.0001772882516726
2017-02-10,-2695.0175100857596,14.224167894862376,-0.0026990661092496323,-1.0026990661092496
2017-02-17,-2843.8018048017257,0.055207171812116096,-0.0028480739156752366,-1.0028480739156753
2017-02-24,-775.1999713044938,-0.7274071737363772,-0.0007763645180816157,-1.0007763645180816
2017-03-03,937.381651311304,-2.2092127012516443,0.0009387898360654015,-0.9990612101639346
2017-03-10,1664.9687181681506,0.776190856562025,0.0016674699230527284,-0.9983325300769472
2017-03-17,1486.2278405912211,-0.10735389537743734,0.0014884605313883023,-0.9985115394686117
2017-03-24,326.08844726995153,-0.7805932318289546,0.00032657831474206434,-0.999673421685258
2017-03-31,-616.419619949364,-2.890344859224842,-0.0006173456384069738,-1.0006173456384069
2017-04-07,-951.7534482431972,0.5440025226993574,-0.0009531832230778129,-1.0009531832230778
2017-04-14,-516.3073278191807,-0.45751987684183193,-0.0005170829522475515,-1.0005170829522476
2017-04-21,156.66724249139202,-1.3034379603968345,0.00015690259638597077,-0.999843097403614
2017-04-28,358.135478768044,1.2859627390692188,0.00035867348900154585,-0.9996413265109985
2017-05-05,319.19442006795884,-0.10873275899399615,0.00031967393096440504,-0.9996803260690356
2017-05-12,33.03035185915763,-0.8965196451362614,3.307997181688292e-05,-0.9999669200281831
2017-05-19,-203.34546636459652,-7.15632153213709,-0.00020365094277876442,-1.0002036509427787
2017-05-26,-234.77718786439107,0.15457301341273944,-0.0002351298826884234,-1.0002351298826884
2017-06-02,-127.18734464913274,-0.4582636166398031,-0.00012737841226753387,-1.0001273784122675
2017-06-09,-42.08332233894045,-0.6691233514227832,-4.2146542152168644e-05,-1.000042146542152
2017-06-16,8.309239855191166,-1.1974473352714,8.32172243884943e-06,-0.9999916782775612
2017-06-23,46.865995193581,4.640226544224939,4.6936399793270855e-05,-0.9999530636002067
2017-06-30,45.41634977972153,-0.03093171088913571,4.5484576644688515e-05,-0.9999545154233553
2017-07-07,19.330124185160642,-0.574379617056068,1.935916292955495e-05,-0.9999806408370705
2017-07-14,-8.71415893490223,-1.450807188377606,-8.727249809616645e-06,-1.0000087272498097
2017-07-21,-25.00631751289389,1.8696191680344252,-2.504388333790071e-05,-1.0000250438833378
2017-07-28,-21.065504092268384,-0.15759271306514933,-2.109714981699385e-05,-1.000021097149817
2017-08-04,-4.098931257814105,-0.8054197402606413,-4.105088891150826e-06,-1.0000041050888913
2017-08-11,-4.098931257814105,0.0,-4.105088891150826e-06,-1.0000041050888913
2017-09-01,-4.098931257814105,0.0,-4.105088891150826e-06,-1.0000041050888913
2017-09-08,-4.098931257814105,0.0,-4.105088891150826e-06,-1.0000041050888913
2017-09-15,-4.098931257814105,0.0,-4.105088891150826e-06,-1.0000041050888913
2017-09-22,-4.098931257814105,0.0,-4.105088891150826e-06,-1.0000041050888913
2017-09-29,-4.098931257814105,0.0,-4.105088891150826e-06,-1.0000041050888913
2017-10-06,-4.098931257814105,0.0,-4.105088891150826e-06,-1.0000041050888913
2017-10-13,-4.098931257814105,0.0,-4.105088891150826e-06,-1.0000041050888913
2017-10-20,-4.098931257814105,0.0,-4.105088891150826e-06,-1.0000041050888913
2017-10-27,-4.098931257814105,0.0,-4.105088891150826e-06,-1.0000041050888913
2017-11-03,-4.098931257814105,0.0,-4.105088891150826e-06,-1.0000041050888913
2017-11-10,-4.098931257814105,0.0,-4.105088891150826e-06,-1.0000041050888913
2017-11-17,-4.098931257814105,0.0,-4.105088891150826e-06,-1.0000041050888913
2017-11-24,-4.098931257814105,0.0,-4.105088891150826e-06,-1.0000041050888913
2017-12-01,-4.098931257814105,0.0,-4.105088891150826e-06,-1.0000041050888913
2017-12-08,-4.098931257814105,0.0,-4.105088891150826e-06,-1.0000041050888913
2017-12-15,-4.098931257814105,0.0,-4.105088891150826e-06,-1.0000041050888913
2017-12-22,-4.098931257814105,0.0,-4.105088891150826e-06,-1.0000041050888913
2017-12-29,-4.098931257814105,0.0,-4.105088891150826e-06,-1.0000041050888913
2018-01-05,-4.098931257814105,0.0,-4.105088891150826e-06,-1.0000041050888913
2018-01-12,-4.098931257814105,0.0,-4.105088891150826e-06,-1.0000041050888913
2018-01-19,-4.098931257814105,0.0,-4.105088891150826e-06,-1.0000041050888913
2018-01-26,-4.098931257814105,0.0,-4.105088891150826e-06,-1.0000041050888913
2018-02-02,-4.098931257814105,0.0,-4.105088891150826e-06,-1.0000041050888913
2018-02-09,-4.098931257814105,0.0,-4.105088891150826e-06,-1.0000041050888913
2018-02-16,-4.098931257814105,0.0,-4.105088891150826e-06,-1.0000041050888913
2018-02-23,20.062941394825376,-5.894676229706918,2.009308101634988e-05,-0.9999799069189836
2018-03-02,6.698440578121339,-0.6661286873992964,6.708503333121013e-06,-0.9999932914966668
2018-03-09,-3.0659738536895755,-1.457714570717214,-3.0705797232744845e-06,-1.0000030705797234
2018-03-16,-10.02688761491386,2.2703761001900133,-1.0041950540724939e-05,-1.0000100419505407
2018-03-23,-8.904753886847185,-0.11191246687532708,-8.918131083472386e-06,-1.0000089181310834
2018-03-30,-2.0862003367627917,-0.7657206068497608,-2.0893343382701954e-06,-1.0000020893343382
2018-04-06,3.3991036493655207,-2.6293275336346618,3.4042099643119856e-06,-0.9999965957900356
2018-04-13,5.8140042589468015,0.7104521834843278,5.8227383664965415e-06,-0.9999941772616335
2018-04-20,3.427072804231854,-0.4105486250791527,3.432221135935755e-06,-0.999996567778864
2018-04-27,-2.033161617728502,-1.5932647871436791,-2.0362159416409623e-06,-1.0000020362159416
2018-05-04,-4.748746846426156,1.335646514777105,-4.755880667427295e-06,-1.0000047558806675
2018-05-11,-4.057009434022827,-0.14566735915264073,-4.063104090158063e-06,-1.00000406310409
2018-05-18,-1.894112866268908,-0.53312584131934,-1.8969583037244938e-06,-1.0000018969583038
2018-05-25,-0.425056662448126,-0.7755906366417235,-4.2569520525600986e-07,-1.0000004256952053
2018-06-01,1.4561492664057227,-4.4257768317734145,1.4583367715630668e-06,-0.9999985416632284
2018-06-08,1.8936130606125359,0.3004251035930021,1.8964577472333854e-06,-0.9999981035422527
2018-06-15,0.8215883779796953,-0.5661265783021521,8.228226118975414e-07,-0.9999991771773881
2018-06-22,-0.0878800375640818,-1.1069635841005696,-8.801205564755302e-08,-1.0000000880120556
2018-06-29,-0.887563231481414,9.099713838130828,-8.888965763459317e-07,-1.0000008888965763
2018-07-06,-0.8956359026531706,0.009095319505611599,-8.969813747152422e-07,-1.0000008969813747
2018-07-13,-0.4110242788698961,-0.5410810602251362,-4.1164174148211873e-07,-1.0000004116417416
2018-07-20,0.2510557854641956,-1.610805245263051,2.51432934866495e-07,-0.9999997485670651
2018-07-27,0.7074527537311952,1.8179105788107353,7.085155270217268e-07,-0.999999291484473
2018-08-03,0.6418591738937902,-0.09271796525132758,6.428234090073003e-07,-0.9999993571765909
2018-08-10,0.24270248996819938,-0.6218757948166993,2.430670906041052e-07,-0.9999997569329094
2018-08-17,-0.40175067905901923,-2.6553216207697723,-4.0235421037458055e-07,-1.0000004023542104
2018-08-24,-0.6096611364943398,0.5175111537391515,-6.10577001997335e-07,-1.000000610577002
2018-08-31,-0.326723631184733,-0.46408978426367786,-3.272144528640286e-07,-1.0000003272144529
2018-09-07,-0.11595759432962904,-0.6450896621430319,-1.1613179201765535e-07,-1.000000116131792
2018-09-14,0.05691362903132907,-1.4908141580580092,5.699912772291335e-08,-0.9999999430008722
2018-09-21,0.18489758233880677,2.2487399852331813,1.8517534535684172e-07,-0.9999998148246546
2018-09-28,0.162656071995648,-0.12029097439686032,1.629004226295921e-07,-0.9999998370995774
2018-10-05,0.05728823254550139,-0.6477953030426421,5.737429398648101e-08,-0.999999942625706
2018-10-12,-0.06249801687054231,-2.0909398683386335,-6.259190472763365e-08,-1.0000000625919048
2018-10-19,-0.09623822840994935,0.5398605144431403,-9.638280261386998e-08,-1.0000000963828026
2018-10-26,-0.059962873017284396,-0.37693290901139154,-6.005295244595322e-08,-1.0000000600529524
2018-11-02,0.0076715376565391485,-1.1279381268860786,7.68306224991401e-09,-0.9999999923169377
2018-11-09,0.046474614701604154,5.058057299893408,4.654443134862704e-08,-0.9999999534555687
2018-11-16,0.045971614805539567,-0.010823110622737997,4.604067581926841e-08,-0.9999999539593242
2018-11-23,0.03586208351178768,-0.21990811800967436,3.591595744795957e-08,-0.9999999640840426
2018-11-30,-0.009404471835274944,-1.2622399736530574,-9.41859973487725e-09,-1.0000000094185997
2018-12-07,-0.04153023886330649,3.416009701632791,-4.159262780501396e-08,-1.0000000415926278
2018-12-14,-0.03874688486929853,-0.06701993704320242,-3.880509250806058e-08,-1.0000000388050925
2018-12-21,-0.020398191633148228,-0.4735527332853813,-2.0428834885476418e-08,-1.0000000204288348
2018-12-28,-0.0014228036368915502,-0.9302485405333965,-1.4249410484642449e-09,-1.000000001424941
2019-01-04,0.01812158987566387,-13.736536093803327,1.814881309530681e-08,-0.9999999818511869
2019-01-11,0.020906191509090673,0.15366210429286564,2.093759790594957e-08,-0.9999999790624021
2019-01-18,0.005172763642143665,-0.7525726462471951,5.180534443809371e-09,-0.9999999948194656
2019-01-25,-0.007381753672918127,-2.4270425218692235,-7.3928429373241e-09,-1.000000007392843
2019-02-01,-0.012374336823071312,0.6763410662793812,-1.2392926212389874e-08,-1.0000000123929262
2019-02-08,-0.008736484642128521,-0.2939836076031326,-8.749609055712073e-09,-1.000000008749609
2019-02-15,0.0013876035667851113,-1.15882859337884,1.3896880989335094e-09,-0.9999999986103119
2019-02-22,0.009195698148179608,5.627035536875124,9.2095124168048e-09,-0.9999999907904876
2019-03-01,0.008978182881661015,-0.023654024198440315,8.991670387241864e-09,-0.9999999910083296
2019-03-08,0.003859846915893755,-0.5700859553910467,3.865645383969703e-09,-0.9999999961343546
2019-03-15,-0.0027790955692048452,-1.72000149999766,-2.7832704749172168e-09,-1.0000000027832705
2019-03-22,-0.0055098949681601644,0.982621623097566,-5.518172226499906e-09,-1.0000000055181721
2019-03-29,-0.003271004070179353,-0.4063400320548053,-3.275917947099998e-09,-1.000000003275918
2019-04-05,0.0005263184469710405,-1.160904247038183,5.271091106369953e-10,-0.9999999994728909
2019-04-12,0.0026478472221637666,4.030884319943775,2.6518249596031678e-09,-0.999999997348175
2019-04-19,0.0026045539733247857,-0.016350357557111117,2.608466673334784e-09,-0.9999999973915333
2019-04-26,0.0017403990496029057,-0.3317861455636345,1.74301356995784e-09,-0.9999999982569864
2019-05-03,-0.0001941448649566235,-1.1115519254052226,-1.9443651973622775e-10,-1.0000000001944365
2019-05-10,-0.0006375331023306605,2.28380100330287,-6.38490838588543e-10,-1.0000000006384908
2019-05-17,-0.0006475731469332874,0.015748271840196226,-6.485459658821102e-10,-1.0000000006485459
2019-05-24,-0.00015748002046584114,-0.7568150853511771,-1.5771659535887934e-10,-1.0000000001577165
2019-05-31,0.00039952983632342396,-3.5370192049859788,4.001300313704794e-10,-0.99999999959987
2019-06-07,0.0005500178190808787,0.3766626896811607,5.508440852086913e-10,-0.999999999449156
2019-06-14,0.00034343960309680016,-0.3755845880216869,3.43955536401402e-10,-0.9999999996560445
2019-06-21,-4.771226629252242e-05,-1.138924765409406,-4.778394220583114e-11,-1.000000000047784
2019-06-28,-0.0002297176227037157,3.8146449656221337,-2.300627167788839e-10,-1.0000000002300626
2019-07-05,-0.00022792472554850304,-0.007804787173533945,-2.282671262378597e-10,-1.0000000002282672
2019-07-12,-7.493646721516798e-05,-0.6712227379682802,-7.504904077633245e-11,-1.000000000075049
2019-07-19,0.00012069939650633082,-2.6106897081198395,1.2088071758270484e-10,-0.9999999998791193
2019-07-26,0.0001761765747667497,0.4596309498325375,1.764412366216822e-10,-0.9999999998235588
2019-08-02,6.580540301011004e-05,-0.62648040412164,6.590425939920884e-11,-0.9999999999340957
2019-08-09,-7.928442777857993e-05,-2.2048315814797004,-7.940353307819719e-11,-1.0000000000794036
2019-08-16,-0.0001356663204249214,0.7111345093364478,-1.3587012561334135e-10,-1.0000000001358702
2019-08-23,-8.148606786631647e-05,-0.3993640602096865,-8.160848058719722e-11,-1.0000000000816085
2019-08-30,-1.7458929414356045e-05,-0.7857433807826066,-1.7485157150081154e-11,-1.0000000000174851
2019-09-06,4.718977000077249e-05,-3.7029017003739937,4.726066099226085e-11,-0.9999999999527394
2019-09-13,6.472989691502327e-05,0.37169341817015966,6.482713762145541e-11,-0.9999999999351729
2019-09-20,3.0145789730631425e-05,-0.5342833656879371,3.0191076345149126e-11,-0.9999999999698089
2019-09-27,-2.386320538232823e-05,-1.7915933069114656,-2.389905396327312e-11,-1.000000000023899
2019-10-04,-4.4282896469425095e-05,0.8556977472195986,-4.434942060032554e-11,-1.0000000000443494
2019-10-11,-3.3219142789973186e-05,-0.2498425929995528,-3.326904635951243e-11,-1.000000000033269
2019-10-18,-2.653932446341436e-06,-0.9201083404493359,-2.6579193253294288e-12,-1.0000000000026579
2019-10-25,1.831441759155808e-05,-7.9008605011048125,1.8341930487289007e-11,-0.9999999999816581
2019-11-01,2.1210296502067014e-05,0.15812017477660723,2.1242159741679526e-11,-0.9999999999787579
2019-11-08,9.504455181991158e-06,-0.5518942801641213,9.518733281914026e-12,-0.9999999999904813
2019-11-15,-8.391662136787509e-06,-1.882918797143455,-8.404268539596902e-12,-1.0000000000084042
2019-11-22,-1.63063982233968e-05,0.9431666763503905,-1.6330894565244662e-11,-1.000000000016331
2019-11-29,-1.166274251812107e-05,-0.28477507059854,-1.16802629124898e-11,-1.0000000000116802
2019-12-06,-4.1587980367561454e-06,-0.6434116563668979,-4.165045605163891e-12,-1.0000000000041651
2019-12-13,3.267644304838602e-06,-1.785718439789242,3.272553134540412e-12,-0.9999999999967274
2019-12-20,7.5810284755149986e-06,1.320028671507882,7.592417101166747e-12,-0.9999999999924076
2019-12-27,6.440433542964941e-06,-0.15045385151024304,6.450108706023976e-12,-0.9999999999935499
2020-01-03,2.045207732423004e-06,-0.6824425376367652,2.0482801526519818e-12,-0.9999999999979517
2020-01-10,-2.734721011614674e-06,-2.3371360611739855,-2.738829255497921e-12,-1.000000000002739
2020-01-17,-4.602155284241436e-06,0.6828609809540187,-4.609068887572796e-12,-1.000000000004609
2020-01-24,-3.01493363946933e-06,-0.3448865904649119,-3.01946283371991e-12,-1.0000000000030194
2020-01-31,-3.4030697976916855e-07,-0.8871262122276538,-3.408182070797883e-13,-1.0000000000003408
2020-02-07,2.404855635446417e-06,-8.066724394185623,2.4084683379533475e-12,-0.9999999999975915
2020-02-14,3.053667747712048e-06,0.2697925408504578,3.05825513040766e-12,-0.9999999999969418
2020-02-21,1.7717599638187825e-06,-0.4197928163120337,1.7744215962131027e-12,-0.9999999999982255
2020-02-28,-7.649041467522293e-07,-1.4317199634106106,-7.660532265921179e-13,-1.000000000000766
2020-03-06,-1.7113020295153527e-06,1.2372764440897774,-1.713872838773514e-12,-1.000000000001714
2020-03-13,-1.3499941988990828e-06,-0.21113036996665846,-1.3520222322474548e-12,-1.000000000001352
2020-03-20,-3.7856667313038715e-07,-0.7195790371254133,-3.791353761946794e-13,-1.000000000000379
2020-03-27,8.054884224187722e-07,-3.127731994362175,8.066984701239587e-13,-0.9999999999991933
2020-04-03,1.1671327375473894e-06,0.4489751870581187,1.1688860666473612e-12,-0.9999999999988312
2020-04-10,5.846248879995186e-07,-0.4990930601192386,5.855031427135894e-13,-0.9999999999994145
2020-04-17,-1.0443645898761862e-07,-1.1786384075179923,-1.045933490111354e-13,-1.0000000000001046
2020-04-24,-4.22697657709673e-07,3.0474146845574834,-4.233326566947154e-13,-1.0000000000004234
2020-05-01,-3.9102596584515577e-07,-0.07492753103039607,-3.916133859240421e-13,-1.0000000000003917
2020-05-22,-3.9102596584515577e-07,0.0,-3.916133859240421e-13,-1.0000000000003917
2020-05-29,-3.9102596584515577e-07,0.0,-3.916133859240421e-13,-1.0000000000003917
2020-06-05,-3.9102596584515577e-07,0.0,-3.916133859240421e-13,-1.0000000000003917
2020-06-12,-3.9102596584515577e-07,0.0,-3.916133859240421e-13,-1.0000000000003917
2020-06-19,-3.9102596584515577e-07,0.0,-3.916133859240421e-13,-1.0000000000003917
2020-06-26,-3.9102596584515577e-07,0.0,-3.916133859240421e-13,-1.0000000000003917
2020-07-03,-3.9102596584515577e-07,0.0,-3.916133859240421e-13,-1.0000000000003917
2020-07-10,-3.9102596584515577e-07,0.0,-3.916133859240421e-13,-1.0000000000003917
2020-07-17,-3.9102596584515577e-07,0.0,-3.916133859240421e-13,-1.0000000000003917
2020-07-24,-3.9102596584515577e-07,0.0,-3.916133859240421e-13,-1.0000000000003917
2020-07-31,-3.9102596584515577e-07,0.0,-3.916133859240421e-13,-1.0000000000003917
2020-08-07,-3.9102596584515577e-07,0.0,-3.916133859240421e-13,-1.0000000000003917
2020-08-14,-3.9102596584515577e-07,0.0,-3.916133859240421e-13,-1.0000000000003917
2020-08-21,-3.9102596584515577e-07,0.0,-3.916133859240421e-13,-1.0000000000003917
2020-08-28,-3.9102596584515577e-07,0.0,-3.916133859240421e-13,-1.0000000000003917
2020-09-04,-3.9102596584515577e-07,0.0,-3.916133859240421e-13,-1.0000000000003917
2020-09-11,-3.9102596584515577e-07,0.0,-3.916133859240421e-13,-1.0000000000003917
2020-09-18,-3.9102596584515577e-07,0.0,-3.916133859240421e-13,-1.0000000000003917
2020-09-25,-3.9102596584515577e-07,0.0,-3.916133859240421e-13,-1.0000000000003917
2020-10-02,-3.9102596584515577e-07,0.0,-3.916133859240421e-13,-1.0000000000003917
2020-10-09,-3.9102596584515577e-07,0.0,-3.916133859240421e-13,-1.0000000000003917
2020-10-16,-3.9102596584515577e-07,0.0,-3.916133859240421e-13,-1.0000000000003917
2020-10-23,-3.9102596584515577e-07,0.0,-3.916133859240421e-13,-1.0000000000003917
2020-10-30,-3.9102596584515577e-07,0.0,-3.916133859240421e-13,-1.0000000000003917
2020-11-06,-3.9102596584515577e-07,0.0,-3.916133859240421e-13,-1.0000000000003917
2020-11-13,-3.9102596584515577e-07,0.0,-3.916133859240421e-13,-1.0000000000003917
2020-11-20,2.0701042843467615e-08,-1.052940327885195,2.0732141055050188e-14,-0.9999999999999792
2020-11-27,5.3743290705831595e-06,258.6163445108309,5.382402674595051e-12,-0.9999999999946176
2020-12-04,5.811314492924364e-06,0.08130976287497549,5.820044559764008e-12,-0.99999999999418
2020-12-11,2.93125881717201e-06,-0.4955945301633564,2.935662310637966e-12,-0.9999999999970643
2020-12-18,-2.0412313376284338e-06,-1.696366805165895,-2.04429778430489e-12,-1.0000000000020444
2020-12-25,-4.4425659874374485e-06,1.1764147480701332,-4.449239847208259e-12,-1.0000000000044493
2021-01-01,-3.1868414011611123e-06,-0.2826574979026165,-3.1916288444277523e-12,-1.0000000000031917
2021-01-08,-6.355050598361709e-07,-0.800584660534212,-6.36459749460361e-13,-1.0000000000006364
2021-01-15,3.04147764206347e-06,-5.785921992261624,3.046046712131665e-12,-0.999999999996954
2021-01-22,3.7428082666550175e-06,0.2305887818776582,3.748430913024551e-12,-0.9999999999962516
2021-01-29,1.8084792604933174e-06,-0.5168122084678486,1.811196054575179e-12,-0.9999999999981888
2021-02-05,1.6831781969543532e-08,-0.990692853195921,1.6857067570899796e-14,-0.9999999999999831
2021-02-12,-1.204086709526226e-06,-72.53649635582109,-1.205895552855503e-12,-1.000000000001206
2021-02-19,-1.343505573134325e-06,0.1157880595351446,-1.345523858922702e-12,-1.0000000000013456
2021-02-26,-6.913363911153894e-07,-0.48542350330371953,-6.923749535457044e-13,-1.0000000000006923
2021-03-05,4.383422037786853e-07,-1.634050527951338,4.3900070483593697e-13,-0.999999999999561
2021-03-12,9.997352364239235e-07,1.280718643575283,1.0012370920620114e-12,-0.9999999999989988
2021-03-19,7.273750635453561e-07,-0.2724323030293563,7.28467765193142e-13,-0.9999999999992716
2021-03-26,2.743085058133131e-07,-0.622878870116492,2.747205866933517e-13,-0.9999999999997253
2021-04-02,-2.8015214632967156e-07,-2.021303169214649,-2.805730058384278e-13,-1.0000000000002807
2021-04-09,-4.860186264175427e-07,0.7348381327252653,-4.867487495418531e-13,-1.0000000000004867
2021-04-16,-3.545328213278292e-07,-0.27053655547915756,-3.55065419457013e-13,-1.000000000000355
2021-04-23,-1.4543452356792457e-08,-0.9589785444904001,-1.4565300307253284e-14,-1.0000000000000147
2021-04-30,7.351503498848501e-08,-6.054854458552967,7.362547319828217e-14,-0.9999999999999264
2021-05-07,9.822012038640567e-08,0.3360548682564095,9.836767189424669e-14,-0.9999999999999016
2021-05-14,3.80909506222324e-08,-0.6121879053662365,3.81481728815546e-14,-0.9999999999999618
2021-05-21,-3.1714660102010236e-08,-1.8326035340136526,-3.176230355734614e-14,-1.0000000000000318
2021-05-28,-4.8063726531849306e-08,0.5155050180973808,-4.813593042749037e-14,-1.0000000000000482
2021-06-04,-3.6478582085987805e-08,-0.24103716631677807,-3.653338215922651e-14,-1.0000000000000366
2021-06-11,-8.238569608718557e-09,-0.7741532390349359,-8.250946027760166e-15,-1.0000000000000082
2021-06-18,1.9420715825252306e-08,-3.3572921936230435,1.94498906612441e-14,-0.9999999999999806
2021-06-25,2.6257747648598722e-08,0.352048394346844,2.629719343875676e-14,-0.9999999999999737
2021-07-02,1.4240505073579018e-08,-0.4576646381039091,1.4261897920459653e-14,-0.9999999999999858
2021-07-09,-1.2634666752406952e-09,-1.0887234454615557,-1.2653647223241774e-15,-1.0000000000000013
2021-07-16,-1.4743458187981041e-08,10.669051884706303,-1.4765606597877808e-14,-1.0000000000000147
2021-07-23,-1.494675350519279e-08,0.013788848899607187,-1.4969207316166987e-14,-1.0000000000000149
2021-07-30,-6.820399494192313e-09,-0.5436868954972212,-6.830645462385868e-15,-1.0000000000000069
2021-08-06,4.034529700310651e-09,-1.5915386193647634,4.040590586189922e-15,-0.999999999999996
2021-08-13,9.710500925328232e-09,1.4068482937628497,9.725088558165446e-15,-0.9999999999999902
2021-08-20,7.638990301707762e-09,-0.21332685507678373,7.650466000708798e-15,-0.9999999999999923
2021-08-27,-1.621132436049465e-10,-1.0212218156067963,-1.6235677877310613e-16,-1.0000000000000002
2021-09-03,-5.006716964687703e-09,29.884071241511663,-5.014238322170958e-15,-1.000000000000005
2021-09-10,-5.227075991770882e-09,0.044012679094378004,-5.234928384347401e-15,-1.0000000000000053
2021-09-17,-1.975028820634239e-09,-0.6221541787906706,-1.9779958143557718e-15,-1.000000000000002
2021-09-24,3.12063137116422e-09,-2.580043459903585,3.1253193501895027e-15,-0.9999999999999969
2021-10-01,5.093123382814406e-09,0.632081068554504,5.100774544631351e-15,-0.9999999999999949
2021-10-08,3.5196598714146814e-09,-0.3089388167404351,3.52494729235321e-15,-0.9999999999999964
2021-10-15,1.1182679414051202e-09,-0.6822795434049578,1.1199478631999196e-15,-0.9999999999999989
2021-10-22,-2.0490848451199483e-09,-2.8323737713031845,-2.0521630897545795e-15,-1.000000000000002
2021-10-29,-3.0752373931129002e-09,0.5007857778250677,-3.079857178881221e-15,-1.000000000000003
2021-11-05,-2.036439635477909e-09,-0.33779433092268396,-2.039498883803614e-15,-1.000000000000002
2021-11-12,-5.966309299650765e-10,-0.7070225311023963,-5.975272207962707e-16,-1.0000000000000007
2021-11-19,7.213290792026366e-10,-2.2090038296285766,7.224126982500112e-16,-0.9999999999999992
2021-11-26,1.2836458322526002e-09,0.7795564732695281,1.2855741935429139e-15,-0.9999999999999987
2021-12-03,9.429902907640205e-10,-0.26538125464933093,9.444069011156935e-16,-0.999999999999999
2021-12-10,4.483548760371938e-11,-0.9524539244540967,4.490284186651918e-17,-1.0
2021-12-17,-6.799658831702074e-10,-16.165796548932814,-6.809873642165325e-16,-1.0000000000000007
2021-12-24,-8.098047421013006e-10,0.19094907868869115,-8.110212740123195e-16,-1.0000000000000009
2021-12-31,-4.483063093206928e-10,-0.44640197073010845,-4.489797789891768e-16,-1.0000000000000004
2022-01-07,-1.5606454714423915e-10,-0.6518796548263623,-1.5629899563769578e-16,-1.0000000000000002
2022-01-14,2.0319305435688068e-10,-2.3019808667312764,2.0349830180959516e-16,-0.9999999999999998
2022-01-21,3.2267896958094185e-10,0.5880413363647783,3.231637151536725e-16,-0.9999999999999997
2022-01-28,2.2164853854218057e-10,-0.3130989018899122,2.2198151080839326e-16,-0.9999999999999998
2022-02-04,7.189723471938727e-11,-0.6756250449821715,7.200524258326218e-17,-0.9999999999999999
2022-02-11,-7.035135302495665e-11,-1.9784987322465997,-7.045703858283091e-17,-1.0
2022-02-18,-1.2604405075018463e-10,0.7916364836006975,-1.2623340085146184e-16,-1.0000000000000002
2022-02-25,-8.026032935225793e-11,-0.36323587765890364,-8.038090070331291e-17,-1.0
2022-03-04,-2.2384783833077615e-11,-0.721097782506821,-2.2418411450253002e-17,-1.0
2022-03-11,4.1254258960253754e-11,-2.8429598993622194,4.13162333102191e-17,-1.0
2022-03-18,5.551083010806104e-11,0.34557816591840185,5.55942214402214e-17,-0.9999999999999999
2022-03-25,3.0488753559164104e-11,-0.45076026606316844,3.0534555392252494e-17,-1.0
2022-04-01,-2.423468142934091e-12,-1.0794872817031138,-2.427108806143307e-18,-1.0
2022-04-08,-1.828930874940621e-11,6.546750223530217,-1.831678392529416e-17,-1.0
2022-04-15,-1.9105430437009193e-11,0.04462288317099361,-1.9134131634460894e-17,-1.0
2022-04-22,-1.1099986358652535e-11,-0.41901406538579133,-1.1116661350678559e-17,-1.0
2022-04-29,5.185224852548283e-12,-1.4671379481927342,5.193014374109452e-18,-1.0
2022-05-06,1.6976792746182414e-11,2.274070696826031,1.700229619046813e-17,-1.0
2022-05-13,1.486530070842504e-11,-0.12437520262666735,1.4887632156660042e-17,-1.0
2022-05-20,5.269658743400204e-12,-0.6455060784331407,5.2775751060592975e-18,-1.0
2022-05-27,-9.555886700851419e-12,-2.813378658118867,-9.570242063947346e-18,-1.0
2022-06-03,-1.4866446392607312e-11,0.5557369878906924,-1.488877956195025e-17,-1.0
2022-06-10,-8.970829825759723e-12,-0.3965720126485185,-8.984306285187512e-18,-1.0
2022-06-17,3.313978928365161e-12,-1.3694172103063504,3.318957364411781e-18,-1.0
2022-06-24,1.0310989452561124e-11,2.1113624061718763,1.0326479171318108e-17,-1.0
2022-07-01,9.098255908521961e-12,-0.1176156322939439,9.111923794213288e-18,-1.0
2022-07-08,9.22978271656185e-13,-0.8985543733946119,9.243648188845127e-19,-1.0
2022-07-15,-6.997573382728341e-12,-8.581514752424184,-7.008085510994842e-18,-1.0
2022-07-22,-8.685492266631163e-12,0.24121488858823592,-8.698540076746294e-18,-1.0
2022-07-29,-4.9048990917746595e-12,-0.43527678786626567,-4.912267493014187e-18,-1.0
2022-08-05,1.2324518630674814e-12,-1.2512695653890737,1.2343033180445496e-18,-1.0
2022-08-12,5.0925692473376186e-12,3.1320634094889446,5.100219576702679e-18,-1.0
2022-08-19,4.664946228440804e-12,-0.08396999591520038,4.67195415968033e-18,-1.0
2022-08-26,1.8563714515400032e-12,-0.6020594106268036,1.859160191827747e-18,-1.0
2022-09-02,-1.6463230822439077e-12,-1.8868500325611859,-1.648796276658898e-18,-1.0
2022-09-09,-3.2848056947625734e-12,0.9952375874396684,-3.2897403052204077e-18,-1.0
2022-09-16,-2.520357673173419e-12,-0.23272244772591,-2.524143889006932e-18,-1.0
2022-09-23,-2.412284798947792e-13,-0.9042879975082883,-2.4159086619407047e-19,-1.0
2022-09-30,2.0076984897130288e-12,-9.32280869401806,2.0107145615553633e-18,-1.0
2022-10-07,2.4793336478498096e-12,0.23491334010227516,2.4830582352026156e-18,-1.0
2022-10-14,9.52103075733595e-13,-0.6159842881335065,9.535333757972915e-19,-1.0
2022-10-21,-5.226675481038163e-13,-1.5489610961513818,-5.234527271946086e-19,-1.0
2022-10-28,-9.341674924452563e-13,0.7873072392466667,-9.355708487183346e-19,-1.0
2022-11-04,-7.281832981226665e-13,-0.22050028071883565,-7.292772139435824e-19,-1.0
2022-11-11,1.3600687147773647e-13,-1.1867755987103474,1.3621118826012675e-19,-1.0
2022-11-18,5.879118774499239e-13,3.3226630468164373,5.887950700550069e-19,-1.0
2022-11-25,5.612923360300035e-13,-0.045278114698725114,5.621355393390124e-19,-1.0
2022-12-02,1.6782289890679726e-13,-0.7010062526529377,1.6807501142393327e-19,-1.0
2022-12-09,-4.0767713726272215e-14,-1.2429210435038018,-4.082895716201529e-20,-1.0
2022-12-16,-1.4075795731347894e-13,2.4526821459396517,-1.4096941143062506e-19,-1.0
2022-12-23,-1.32632839892104e-13,-0.057724036185603844,-1.328320880241404e-19,-1.0
2022-12-30,-2.2956414861744142e-14,-0.8269175652091967,-2.2990901213564525e-20,-1.0
2023-01-06,2.5866001674039596e-14,-2.126743955004235,2.590485896248336e-20,-1.0
2023-01-13,3.829434924447718e-14,0.4804897071862211,3.8351877060067345e-20,-1.0
2023-01-20,2.1196757737559278e-14,-0.4464781839681927,2.1228600638517086e-20,-1.0
2023-01-27,2.1196757737559278e-14,0.0,2.1228600638517086e-20,-1.0
2023-02-17,2.1196757737559278e-14,0.0,2.1228600638517086e-20,-1.0
2023-02-24,2.1196757737559278e-14,0.0,2.1228600638517086e-20,-1.0
2023-03-03,2.1196757737559278e-14,0.0,2.1228600638517086e-20,-1.0
2023-03-10,2.1196757737559278e-14,0.0,2.1228600638517086e-20,-1.0
2023-03-17,2.1196757737559278e-14,0.0,2.1228600638517086e-20,-1.0
2023-03-24,2.1196757737559278e-14,0.0,2.1228600638517086e-20,-1.0
2023-03-31,2.1196757737559278e-14,0.0,2.1228600638517086e-20,-1.0
2023-04-07,2.1196757737559278e-14,0.0,2.1228600638517086e-20,-1.0
2023-04-14,2.1196757737559278e-14,0.0,2.1228600638517086e-20,-1.0
2023-04-21,2.1196757737559278e-14,0.0,2.1228600638517086e-20,-1.0
2023-04-28,2.1196757737559278e-14,0.0,2.1228600638517086e-20,-1.0
2023-05-05,2.1196757737559278e-14,0.0,2.1228600638517086e-20,-1.0
2023-05-12,2.1196757737559278e-14,0.0,2.1228600638517086e-20,-1.0
2023-05-19,2.1196757737559278e-14,0.0,2.1228600638517086e-20,-1.0
2023-05-26,2.1196757737559278e-14,0.0,2.1228600638517086e-20,-1.0
2023-06-02,2.1196757737559278e-14,0.0,2.1228600638517086e-20,-1.0
2023-06-09,2.1196757737559278e-14,0.0,2.1228600638517086e-20,-1.0
2023-06-16,2.1196757737559278e-14,0.0,2.1228600638517086e-20,-1.0
2023-06-23,2.1196757737559278e-14,0.0,2.1228600638517086e-20,-1.0
2023-06-30,2.1196757737559278e-14,0.0,2.1228600638517086e-20,-1.0
2023-07-07,2.1196757737559278e-14,0.0,2.1228600638517086e-20,-1.0
2023-07-14,2.1196757737559278e-14,0.0,2.1228600638517086e-20,-1.0
2023-07-21,2.1196757737559278e-14,0.0,2.1228600638517086e-20,-1.0
2023-07-28,2.1196757737559278e-14,0.0,2.1228600638517086e-20,-1.0
2023-08-04,2.1196757737559278e-14,0.0,2.1228600638517086e-20,-1.0
2023-08-11,2.1196757737559278e-14,0.0,2.1228600638517086e-20,-1.0
2023-08-18,-1.9355615445681177e-14,-1.913140381435991,-1.9384692484407817e-20,-1.0
2023-08-25,-8.661563409415868e-15,-0.552503849142729,-8.674575272324368e-21,-1.0
2023-09-01,3.154922577686088e-15,-1.364244008680513,3.15966207079228e-21,-1.0
2023-09-08,9.11106640451911e-15,1.8878890623051143,9.124753534821353e-21,-1.0
2023-09-15,7.51444111700744e-15,-0.1752402206968594,7.525729711574812e-21,-1.0
2023-09-22,2.3389131775505248e-15,-0.6887442271312951,2.3424268177771933e-21,-1.0
2023-09-29,-4.263260998626024e-16,-1.1822752994658319,-4.269665496871335e-22,-1.0
2023-10-06,-3.341904341322044e-15,6.838845293307359,-3.3469247284146687e-21,-1.0
2023-10-13,-3.294552596353972e-15,-0.014169090474127621,-3.299501849127666e-21,-1.0
2023-10-20,-1.0726648100843362e-15,-0.6744126011916043,-1.0742762244209685e-21,-1.0
2023-10-27,1.7596533131858261e-15,-2.6404503034340028,1.7622967583233125e-21,-1.0
2023-11-03,2.892702036984328e-15,0.6439045210258683,2.8970476083969254e-21,-1.0
2023-11-10,1.823752522502811e-15,-0.3695332256190159,1.826492260894154e-21,-1.0
2023-11-17,-2.0807318447143723e-16,-1.1140906904330912,-2.083857631161117e-22,-1.0
2023-11-24,-1.6301711247916413e-15,6.8346045836359055,-1.6326200548739548e-21,-1.0
2023-12-01,-1.632301840922356e-15,0.0013070505901562335,-1.6347539718801786e-21,-1.0
2023-12-08,-5.506513356228307e-16,-0.662653486127494,-5.51478553453011e-22,-1.0
2023-12-15,6.272347743850718e-16,-2.139077913387097,6.281770399449904e-22,-1.0
2023-12-22,1.1904108987075252e-15,0.8978713351385526,1.1921991975037828e-21,-1.0
2023-12-29,9.521843358197713e-16,-0.20012128849492694,9.536147579567079e-22,-1.0
2024-01-05,2.587648571576975e-16,-0.7282407960062511,2.591535875390064e-22,-1.0
2024-01-12,-3.445620366536809e-16,-2.331564264322402,-3.450796561378883e-22,-1.0
2024-01-19,-5.053257066131858e-16,0.46657394854293943,-5.060848338639826e-22,-1.0
2024-01-26,-2.7220860463001003e-16,-0.4613204888102419,-2.726175309264001e-22,-1.0
2024-02-02,8.720832889901656e-17,-1.3203731528529432,8.733933790587555e-23,-1.0
2024-02-09,3.398275425180738e-16,2.8967326493731953,3.4033804959246317e-22,-1.0
2024-02-16,2.9402886057168116e-16,-0.13477036501229678,2.9447056642131374e-22,-1.0
2024-02-23,1.037891669851453e-16,-0.6470102738100344,1.0394508461206362e-22,-1.0
2024-03-01,-3.116828354954032e-18,-1.0300303822209125,-3.1215106208853585e-24,-1.0
2024-03-08,-9.806839827559187e-17,30.464163921544603,-9.821572185837939e-23,-1.0
2024-03-15,-1.0467033552697067e-16,0.06731972141347753,-1.0482757689230909e-22,-1.0
2024-03-22,-6.199869539447656e-17,-0.40767653908493295,-6.209183314419283e-23,-1.0
2024-03-29,2.6802113622395525e-17,-1.4323012516934883,2.6842377188177786e-23,-1.0
2024-04-05,6.723623444123909e-17,1.5086168721058364,6.733724030169162e-23,-1.0
2024-04-12,5.470646709252216e-17,-0.1863543884163722,5.478865006762358e-23,-1.0
2024-04-19,1.6431249469393715e-17,-0.6996470373127109,1.6455933369447884e-23,-1.0
2024-04-26,-2.52345579321814e-17,-2.535766222720037,-2.5272466632129584e-23,-1.0
2024-05-03,-4.0122943729479163e-17,0.589999865950128,-4.018321855731512e-23,-1.0
2024-05-10,-2.7683731026811936e-17,-0.31002741938717415,-2.772531900531991e-23,-1.0
2024-05-17,1.003668538317862e-17,-1.362548146904693,1.0051763027720197e-23,-1.0
2024-05-24,2.0240482154108578e-17,1.0166500574015616,2.027088848683883e-23,-1.0
2024-05-31,1.73411060553252e-17,-0.14324639485897017,1.7367156790510964e-23,-1.0
2024-06-07,3.3673037752605695e-18,-0.8058195501188046,3.372362318738677e-24,-1.0
2024-06-14,-9.670049247468332e-18,-3.871748405508809,-9.684576111635784e-24,-1.0
2024-06-21,-1.3258171936606353e-17,0.37105526531598687,-1.327808907021167e-23,-1.0
2024-06-28,-1.1334831672603926e-17,-0.1450682849188285,-1.135185946179662e-23,-1.0
2024-07-05,-3.4401086982316077e-18,-0.6965011217108512,-3.445276613151334e-24,-1.0
2024-07-12,2.19425822715021e-18,-1.6378456088547932,2.197554558988693e-24,-1.0
2024-07-19,4.317605117966033e-18,0.9676832309629833,4.324091254848305e-24,-1.0
2024-07-26,3.3725861712497448e-18,-0.21887572413326084,3.377652650225082e-24,-1.0
2024-08-02,1.4109744100536183e-18,-0.5816342894121611,1.4130940511303136e-24,-1.0
2024-08-09,-1.5892162421446862e-18,-2.126325347094207,-1.5916036476161098e-24,-1.0
2024-08-16,-2.7953605409477583e-18,0.7589554314995868,-2.799559880768911e-24,-1.0
2024-08-23,-1.7039675990538417e-18,-0.39043011658305915,-1.7065273901390497e-24,-1.0
2024-08-30,2.3339770121719964e-19,-1.136973086428872,2.3374832370275352e-25,-1.0
2024-09-06,1.5955765205411642e-18,5.83629921040363,1.597973480762306e-24,-1.0
2024-09-13,1.5904950387499259e-18,-0.0031847308642489747,1.5928843652978708e-24,-1.0
2024-09-20,7.1329540508758945e-19,-0.5515261678224316,7.143669555208699e-25,-1.0
2024-09-27,-2.5659977731461543e-19,-1.3597384414429337,-2.5698525519741124e-25,-1.0
2024-10-04,-8.509860080038297e-19,2.3163941797207444,-8.522644046107448e-25,-1.0
2024-10-11,-7.650010839443287e-19,-0.10104152506713604,-7.661503094084405e-25,-1.0
2024-10-18,-2.8697969878465977e-19,-0.6248636703820094,-2.874108150071702e-25,-1.0
2024-10-25,2.8070412571198244e-19,-1.97813234490365,2.8112581443363257e-25,-1.0
2024-11-01,5.802688492774307e-19,1.0671903122393642,5.811405601176065e-25,-1.0
2024-11-08,4.2175913306909186e-19,-0.27316599263551755,4.223927221523199e-25,-1.0
2024-11-15,8.559452623830785e-20,-0.7970535323907594,8.572311090466476e-26,-1.0
2024-11-22,-2.4056876110258865e-19,-3.810562446864996,-2.40930156337094e-25,-1.0
2024-11-29,-3.3335172799129016e-19,0.3856816922673303,-3.338525067514169e-25,-1.0
2024-12-06,-1.8599545373063206e-19,-0.44204442901375396,-1.8627486602967638e-25,-1.0
2024-12-13,8.998307767119077e-20,-1.4837918124682163,9.011825505377132e-26,-1.0
2024-12-20,2.4246103349758068e-19,1.6945181224358996,2.4282527140468742e-25,-1.0
2024-12-27,1.9868275131577993e-19,-0.18055801194230903,1.9898122315050545e-25,-1.0
2025-01-03,3.258800260560033e-20,-0.8359797094121874,3.26369580426643e-26,-1.0
2025-01-10,-9.126103828620869e-20,-3.80044896861906,-9.139813548944277e-26,-1.0
2025-01-17,-1.2300881533998147e-19,0.3478787623937267,-1.2319360574860427e-25,-1.0
2025-01-24,-9.505617398661313e-20,-0.22724096054506837,-9.519897244528098e-26,-1.0
2025-01-31,-6.740621825275027e-20,-0.29088016668708794,-6.750747947195815e-26,-1.0
2025-02-07,6.3320303175369225e-21,-1.0939383706974033,6.3415426314841484e-27,-1.0
2025-02-14,4.113978710514724e-20,5.497092566219753,4.120158948938131e-26,-1.0
2025-02-21,4.169847312410388e-20,0.013580187411488698,4.1761114796298334e-26,-1.0
2025-02-28,1.4727529362495595e-20,-0.6468089054804667,1.4749653843260487e-26,-1.0
2025-03-07,-1.5849350563889576e-20,-2.076171717182296,-1.5873160304346095e-26,-1.0
2025-03-14,-2.4543239645657548e-20,0.5485328276841654,-2.4580109810373107e-26,-1.0
2025-03-21,-1.7099404773484722e-20,-0.30329471494566407,-1.7125092412102876e-26,-1.0
2025-03-28,-5.465325904991659e-21,-0.6803791724103465,-5.473536209305616e-27,-1.0
2025-04-04,7.693082669432739e-21,-2.407616453834235,7.704639628876053e-27,-1.0
2025-04-11,1.3420474364761865e-20,0.7444859156506951,1.3440635317738472e-26,-1.0
2025-04-18,9.650810426166438e-21,-0.28088902345310773,9.665308388749562e-27,-1.0
2025-04-25,2.978449602659059e-22,-0.96913782914455,2.982923988642027e-28,-1.0
2025-05-02,-4.651092143928039e-21,-16.615816160782785,-4.6580792628222814e-27,-1.0
2025-05-09,-5.325782030376316e-21,0.14506052891879984,-5.333782704432975e-27,-1.0
2025-05-16,-2.853819307181952e-21,-0.46415018660080176,-2.8581064668822803e-27,-1.0
2025-05-23,9.541679870905167e-22,-1.3343477229582292,9.5560138917428e-28,-1.0
2025-05-30,2.459640778978931e-21,1.5777858954154977,2.463335782652915e-27,-1.0
2025-06-06,2.1984499063967892e-21,-0.10619065792630489,2.201752535199593e-27,-1.0
2025-06-13,5.2779212640327635e-22,-0.7599253342695826,5.285850039091413e-28,-1.0
2025-06-20,-8.54448738776031e-22,-2.6189114919140764,-8.557323372819558e-28,-1.0
2025-06-27,-1.2026360168118348e-21,0.4074993176706778,-1.2044426808330871e-27,-1.0
2025-07-04,-7.789816343884899e-22,-0.35227149070958697,-7.801518621817643e-28,-1.0
2025-07-11,2.154536867078796e-22,-1.2765837822056145,2.157773527369857e-28,-1.0
2025-07-18,1.1126935811309063e-21,4.164421171588208,1.1143651288241456e-27,-1.0
2025-07-25,1.0213344606916362e-21,-0.0821062707546274,1.022868763837395e-27,-1.0
2025-08-01,2.8080361122863485e-22,-0.7250620418325278,2.8122544940273974e-28,-1.0
2025-08-08,-9.790980837419781e-23,-1.3486771695912345,-9.805689371477023e-29,-1.0
2025-08-15,-3.2346181561242547e-22,2.303671215208582,-3.2394773721825373e-28,-1.0
2025-08-22,-2.771852122795835e-22,-0.14306666536581536,-2.7760161470163676e-28,-1.0
2025-08-29,-9.640557758330023e-23,-0.6521979769755519,-9.655040318808263e-29,-1.0
2025-09-05,1.476985261931991e-22,-2.532053745184802,1.4792040680340466e-28,-1.0
2025-09-12,2.2013673440691343e-22,0.4904463848133498,2.204674355602545e-28,-1.0
2025-09-19,1.7613381165191432e-22,-0.1998890502012335,1.7639840926581358e-28,-1.0
2025-09-26,4.6778565723512677e-23,-0.7344146175865476,4.684883898198579e-29,-1.0
